{
  "GET Listings" : {
    "transaction" : "GET Listings",
    "sampleCount" : 180310,
    "errorCount" : 146980,
    "errorPct" : 81.51517,
    "meanResTime" : 122.098885253175,
    "medianResTime" : 3.0,
    "minResTime" : 0.0,
    "maxResTime" : 28632.0,
    "pct1ResTime" : 6.0,
    "pct2ResTime" : 8.0,
    "pct3ResTime" : 22634.99,
    "throughput" : 3003.36464787794,
    "receivedKBytesPerSec" : 5828.0676125574655,
    "sentKBytesPerSec" : 64.51646590170897
  },
  "Total" : {
    "transaction" : "Total",
    "sampleCount" : 180310,
    "errorCount" : 146980,
    "errorPct" : 81.51517,
    "meanResTime" : 122.098885253175,
    "medianResTime" : 3.0,
    "minResTime" : 0.0,
    "maxResTime" : 28632.0,
    "pct1ResTime" : 6.0,
    "pct2ResTime" : 8.0,
    "pct3ResTime" : 22634.99,
    "throughput" : 3003.36464787794,
    "receivedKBytesPerSec" : 5828.0676125574655,
    "sentKBytesPerSec" : 64.51646590170897
  }
}