{
  "GET Listings" : {
    "transaction" : "GET Listings",
    "sampleCount" : 215957,
    "errorCount" : 182241,
    "errorPct" : 84.387634,
    "meanResTime" : 50.94823506531392,
    "medianResTime" : 3.0,
    "minResTime" : 0.0,
    "maxResTime" : 24012.0,
    "pct1ResTime" : 6.0,
    "pct2ResTime" : 8.0,
    "pct3ResTime" : 17.9900000000016,
    "throughput" : 3599.1633612212927,
    "receivedKBytesPerSec" : 7154.040080174411,
    "sentKBytesPerSec" : 65.30062279174027
  },
  "Total" : {
    "transaction" : "Total",
    "sampleCount" : 215957,
    "errorCount" : 182241,
    "errorPct" : 84.387634,
    "meanResTime" : 50.94823506531392,
    "medianResTime" : 3.0,
    "minResTime" : 0.0,
    "maxResTime" : 24012.0,
    "pct1ResTime" : 6.0,
    "pct2ResTime" : 8.0,
    "pct3ResTime" : 17.9900000000016,
    "throughput" : 3599.1633612212927,
    "receivedKBytesPerSec" : 7154.040080174411,
    "sentKBytesPerSec" : 65.30062279174027
  }
}