{
  "GET Listings" : {
    "transaction" : "GET Listings",
    "sampleCount" : 208171,
    "errorCount" : 174763,
    "errorPct" : 83.95165,
    "meanResTime" : 132.2515287912353,
    "medianResTime" : 7.0,
    "minResTime" : 0.0,
    "maxResTime" : 29515.0,
    "pct1ResTime" : 21.0,
    "pct2ResTime" : 28.0,
    "pct3ResTime" : 24478.980000000003,
    "throughput" : 3465.3582367825275,
    "receivedKBytesPerSec" : 6863.259888914552,
    "sentKBytesPerSec" : 64.6286955653216
  },
  "Total" : {
    "transaction" : "Total",
    "sampleCount" : 208171,
    "errorCount" : 174763,
    "errorPct" : 83.95165,
    "meanResTime" : 132.2515287912353,
    "medianResTime" : 7.0,
    "minResTime" : 0.0,
    "maxResTime" : 29515.0,
    "pct1ResTime" : 21.0,
    "pct2ResTime" : 28.0,
    "pct3ResTime" : 24478.980000000003,
    "throughput" : 3465.3582367825275,
    "receivedKBytesPerSec" : 6863.259888914552,
    "sentKBytesPerSec" : 64.6286955653216
  }
}